,ID,positions,variants
0,ES:es12s:0_d655_r51494,[],[]
1,ES:es12s:1_d1_r697,[1756],[1]
2,ES:es12s:2_d10_r591,[1749],[1]
3,ES:es12s:3_d19_r232,[1756],[2]
4,ES:es12s:4_d7_r222,[1764],[1]
5,ES:es12s:5_d17_r212,[1749],[2]
6,ES:es12s:6_d2_r201,[1764],[2]
7,ES:es12s:7_d3_r110,[1771],[1]
8,ES:es12s:8_d5_r100,[1754],[1]
9,ES:es12s:9_d1_r81,[1775],[1]
10,ES:es12s:10_d2_r76,[1788],[1]
11,ES:es12s:11_d4_r63,[1747],[1]
12,ES:es12s:12_d2_r62,[1762],[1]
13,ES:es12s:13_d3_r40,[1762],[2]
14,ES:es12s:14_d2_r40,[1769],[1]
15,ES:es12s:15_d1_r20,"[1749, 1764]","[1, 2]"
16,ES:es12s:16_d2_r20,[1778],[1]
17,ES:es12s:17_d1_r14,"[1749, 1756]","[1, 2]"
18,ES:es12s:18_d1_r13,"[1749, 1764]","[2, 1]"
19,ES:es12s:19_d1_r9,"[1756, 1764]","[2, 1]"
20,ES:es12s:20_d1_r8,"[1749, 1756]","[2, 1]"
21,ES:es12s:21_d1_r6,"[1764, 1771]","[1, 1]"
22,ES:es12s:22_d1_r1,"[1764, 1775]","[2, 1]"
23,ES:es2s:0_d730_r43137,[],[]
24,ES:es2s:1_d3_r53,[130],[2]
25,ES:es2s:2_d6_r49,[144],[1]
26,ES:es2s:3_d2_r47,[124],[1]
27,ES:es2s:4_d2_r36,[132],[1]
28,ES:es2s:5_d1_r34,[131],[2]
29,ES:es2s:6_d3_r24,[128],[1]
30,ES:es2s:7_d2_r20,[142],[1]
31,ES:es2s:8_d2_r8,"[130, 131, 132]","[1, 1, 1]"
32,ES:es2s:9_d3_r1,[124],[2]
33,ES:es12l:0_d349_r12755,[],[]
34,ES:es12l:1_d2_r147,[1828],[1]
35,ES:es12l:2_d3_r80,[1828],[2]
36,ES:es12l:3_d5_r74,[1806],[1]
37,ES:es12l:4_d2_r66,[1826],[1]
38,ES:es12l:5_d2_r44,[1806],[2]
39,ES:es12l:6_d6_r31,[1809],[1]
40,ES:es12l:7_d2_r29,[1834],[1]
41,ES:es12l:8_d2_r14,[1825],[1]
42,ES:es12l:9_d1_r4,"[1806, 1828]","[1, 1]"
43,ES:es12l:10_d1_r1,"[1809, 1826]","[1, 1]"
44,ES:pre_es7s:0_d559_r45919,[],[]
45,ES:pre_es7s:1_d2_r838,[931],[1]
46,ES:pre_es7s:2_d35_r209,[931],[2]
47,ES:pre_es7s:3_d3_r198,[922],[1]
48,ES:pre_es7s:4_d8_r156,[929],[1]
49,ES:pre_es7s:5_d2_r145,[1014],[1]
50,ES:pre_es7s:6_d5_r58,[1014],[2]
51,ES:pre_es7s:7_d1_r55,[1001],[1]
52,ES:pre_es7s:8_d15_r53,[922],[2]
53,ES:pre_es7s:9_d1_r52,[1081],[1]
54,ES:pre_es7s:10_d1_r47,[927],[1]
55,ES:pre_es7s:11_d3_r41,[1089],[1]
56,ES:pre_es7s:12_d1_r39,[1071],[1]
57,ES:pre_es7s:13_d3_r38,[1095],[1]
58,ES:pre_es7s:14_d1_r36,[1081],[2]
59,ES:pre_es7s:15_d2_r34,[1007],[1]
60,ES:pre_es7s:16_d2_r32,[984],[1]
61,ES:pre_es7s:17_d2_r31,[1073],[1]
62,ES:pre_es7s:18_d1_r31,[1001],[2]
63,ES:pre_es7s:19_d1_r29,[949],[2]
64,ES:pre_es7s:20_d2_r26,[1005],[1]
65,ES:pre_es7s:21_d5_r23,[969],[1]
66,ES:pre_es7s:22_d4_r21,[972],[1]
67,ES:pre_es7s:23_d1_r19,[1077],[1]
68,ES:pre_es7s:24_d1_r19,[1033],[1]
69,ES:pre_es7s:25_d1_r15,[1039],[1]
70,ES:pre_es7s:26_d2_r15,[984],[2]
71,ES:pre_es7s:27_d1_r14,[1010],[1]
72,ES:pre_es7s:28_d1_r14,[1103],[1]
73,ES:pre_es7s:29_d2_r14,[1029],[2]
74,ES:pre_es7s:30_d2_r12,[1060],[1]
75,ES:pre_es7s:31_d1_r11,[1039],[2]
76,ES:pre_es7s:32_d1_r10,[918],[1]
77,ES:pre_es7s:33_d1_r8,[1005],[2]
78,ES:pre_es7s:34_d1_r8,[964],[2]
79,ES:pre_es7s:35_d1_r7,[957],[1]
80,ES:pre_es7s:36_d1_r7,[1088],[1]
81,ES:pre_es7s:37_d1_r5,"[922, 931]","[2, 2]"
82,ES:pre_es7s:38_d1_r3,"[931, 984]","[1, 2]"
83,ES:pre_es7s:39_d1_r2,"[922, 931]","[1, 2]"
84,ES:pre_es7s:40_d1_r1,"[931, 1103]","[1, 1]"
85,ES:pre_es7s:41_d1_r1,"[929, 1095]","[1, 1]"
86,ES:pre_es7s:42_d1_r1,"[931, 1005]","[2, 1]"
87,ES:pre_es7s:43_d1_r1,"[931, 1001]","[2, 1]"
88,ES:pre_es7s:44_d2_r1,"[922, 1089]","[2, 1]"
89,ES:pre_es7s:45_d1_r1,"[927, 1039]","[1, 1]"
90,ES:pre_es7s:46_d1_r1,"[1077, 1088]","[1, 1]"
91,ES:pre_es7s:47_d1_r1,"[938, 1081]","[1, 1]"
92,ES:es9l:0_d299_r10896,[],[]
93,ES:es9l:1_d3_r142,[1452],[1]
94,ES:es9l:2_d2_r117,[1486],[1]
95,ES:es9l:3_d6_r107,[1486],[2]
96,ES:es9l:4_d5_r68,[1475],[1]
97,ES:es9l:5_d1_r49,[1398],[1]
98,ES:es9l:6_d3_r43,[1423],[2]
99,ES:es9l:7_d3_r41,[1466],[1]
100,ES:es9l:8_d1_r31,[1445],[1]
101,ES:es9l:9_d5_r30,[1428],[1]
102,ES:es9l:10_d1_r28,[1484],[1]
103,ES:es9l:11_d4_r26,[1423],[1]
104,ES:es9l:12_d1_r23,[1433],[1]
105,ES:es9l:13_d1_r22,[1475],[2]
106,ES:es9l:14_d2_r20,[1464],[1]
107,ES:es9l:15_d2_r19,[1428],[2]
108,ES:es9l:16_d1_r17,[1440],[1]
109,ES:es9l:17_d3_r15,[1412],[1]
110,ES:es9l:18_d1_r13,[1448],[1]
111,ES:es9l:19_d1_r11,[1414],[1]
112,ES:es9l:20_d1_r9,[1459],[1]
113,ES:es9l:21_d2_r8,[1462],[1]
114,ES:es9l:22_d2_r7,[1402],[1]
115,ES:es9l:23_d1_r6,[1484],[2]
116,ES:es9l:24_d1_r6,[1408],[1]
117,ES:es9l:25_d1_r1,"[1433, 1486]","[1, 2]"
118,ES:es9l:26_d1_r1,"[1423, 1466]","[1, 1]"
119,ES:pre_es26l:0_d267_r9874,[],[]
120,ES:pre_es26l:1_d2_r170,[2615],[1]
121,ES:pre_es26l:2_d3_r149,[2677],[1]
122,ES:pre_es26l:3_d6_r84,[2667],[1]
123,ES:pre_es26l:4_d8_r80,[2611],[1]
124,ES:pre_es26l:5_d13_r77,[2615],[2]
125,ES:pre_es26l:6_d1_r64,[2646],[1]
126,ES:pre_es26l:7_d5_r51,[2707],[1]
127,ES:pre_es26l:8_d1_r39,[2667],[2]
128,ES:pre_es26l:9_d1_r35,[2651],[1]
129,ES:pre_es26l:10_d1_r32,[2651],[2]
130,ES:pre_es26l:11_d2_r29,[2606],[2]
131,ES:pre_es26l:12_d2_r27,[2741],[1]
132,ES:pre_es26l:13_d1_r26,[2628],[1]
133,ES:pre_es26l:14_d1_r21,[2705],[1]
134,ES:pre_es26l:15_d2_r21,[2628],[2]
135,ES:pre_es26l:16_d1_r20,[2717],[1]
136,ES:pre_es26l:17_d1_r13,[2691],[1]
137,ES:pre_es26l:18_d3_r12,[2633],[1]
138,ES:pre_es26l:19_d1_r12,[2646],[2]
139,ES:pre_es26l:20_d3_r12,[2709],[1]
140,ES:pre_es26l:21_d1_r11,[2641],[1]
141,ES:pre_es26l:22_d1_r9,[2660],[1]
142,ES:pre_es26l:23_d1_r4,[2691],[2]
143,ES:pre_es26l:24_d1_r3,"[2667, 2677]","[1, 1]"
144,ES:pre_es26l:25_d1_r1,"[2611, 2746]","[1, 1]"
145,ES:pre_es26l:26_d1_r1,"[2615, 2651]","[1, 1]"
146,ES:pre_es26l:27_d1_r1,"[2615, 2667]","[2, 1]"
147,ES:pre_es26l:28_d1_r1,"[2641, 2667]","[1, 1]"
148,ES:pre_es26l:29_d1_r1,"[2641, 2677]","[1, 1]"
149,ES:pre_es26l:30_d1_r1,"[2641, 2707]","[1, 2]"
150,ES:es15l:0_d31_r893,"[2187, 2194]","[1, 1]"
151,ES:es15l:1_d7_r641,"[2168, 2169, 2170, 2171, 2175, 2194]","[1, 1, 1, 1, 1, 1]"
152,ES:es15l:2_d8_r634,[2176],[1]
153,ES:es15l:3_d31_r627,[2187],[1]
154,ES:es15l:4_d23_r492,"[2176, 2194]","[1, 2]"
155,ES:es15l:5_d10_r407,"[2187, 2194]","[1, 3]"
156,ES:es15l:6_d2_r327,"[2176, 2187, 2194]","[1, 1, 3]"
157,ES:es15l:7_d2_r324,"[2176, 2194]","[1, 1]"
158,ES:es15l:8_d16_r294,"[2187, 2194]","[1, 2]"
159,ES:es15l:9_d9_r257,"[2168, 2169, 2170, 2171, 2175]","[1, 1, 1, 1, 1]"
160,ES:es15l:10_d5_r195,"[2176, 2187, 2194]","[1, 1, 1]"
161,ES:es15l:11_d2_r173,"[2168, 2169, 2170, 2171, 2175, 2194]","[1, 1, 1, 1, 1, 3]"
162,ES:es15l:12_d5_r148,"[2187, 2194]","[1, 4]"
163,ES:es15l:13_d5_r144,"[2194, 2195]","[2, 1]"
164,ES:es15l:14_d2_r109,"[2176, 2194]","[1, 3]"
165,ES:es15l:15_d1_r92,"[2171, 2175, 2194]","[1, 1, 1]"
166,ES:es15l:16_d2_r84,"[2110, 2187, 2194]","[1, 1, 1]"
167,ES:es15l:17_d5_r80,"[2176, 2194, 2195]","[1, 2, 1]"
168,ES:es15l:18_d2_r77,"[2110, 2168, 2169, 2170, 2171, 2175, 2194]","[1, 1, 1, 1, 1, 1, 1]"
169,ES:es15l:19_d2_r66,[2194],[2]
170,ES:es15l:20_d1_r60,"[2187, 2194]","[1, 5]"
171,ES:es15l:21_d2_r58,"[2110, 2187]","[1, 1]"
172,ES:es15l:22_d2_r56,"[2176, 2187]","[1, 1]"
173,ES:es15l:23_d1_r55,"[2151, 2152, 2153, 2154, 2155, 2156, 2187]","[1, 1, 1, 1, 1, 1, 1]"
174,ES:es15l:24_d1_r52,"[2168, 2169, 2170, 2171, 2175, 2187, 2194]","[1, 1, 1, 1, 1, 1, 1]"
175,ES:es15l:25_d1_r45,"[2110, 2176, 2194]","[1, 1, 2]"
176,ES:es15l:26_d2_r45,"[2168, 2169, 2170, 2171, 2175, 2187, 2194]","[1, 1, 1, 1, 1, 1, 3]"
177,ES:es15l:27_d2_r43,"[2176, 2187, 2194]","[1, 1, 2]"
178,ES:es15l:28_d1_r35,"[2172, 2175, 2194]","[2, 1, 2]"
179,ES:es15l:29_d2_r33,"[2168, 2169, 2170, 2171, 2175, 2187]","[1, 1, 1, 1, 1, 1]"
180,ES:es15l:30_d1_r29,"[2171, 2175, 2194]","[1, 1, 2]"
181,ES:es15l:31_d4_r28,"[2151, 2152, 2153, 2154, 2155, 2156, 2187, 2194]","[1, 1, 1, 1, 1, 1, 1, 2]"
182,ES:es15l:32_d1_r26,"[2151, 2152, 2153, 2187]","[1, 1, 1, 1]"
183,ES:es15l:33_d1_r24,"[2168, 2169, 2170, 2171, 2175, 2194]","[1, 1, 1, 1, 1, 4]"
184,ES:es15l:34_d3_r24,"[2171, 2175, 2187, 2194]","[1, 1, 1, 2]"
185,ES:es15l:35_d3_r22,"[2117, 2187, 2194]","[1, 1, 1]"
186,ES:es15l:36_d1_r17,"[2172, 2187, 2194]","[1, 1, 1]"
187,ES:es15l:37_d1_r17,"[2117, 2176]","[1, 1]"
188,ES:es15l:38_d1_r14,"[2187, 2194, 2195]","[1, 2, 1]"
189,ES:es15l:39_d1_r13,"[2117, 2168, 2169, 2170, 2171, 2175, 2194]","[1, 1, 1, 1, 1, 1, 1]"
190,ES:es15l:40_d1_r13,"[2151, 2152, 2153, 2154, 2155, 2156, 2187, 2194]","[1, 1, 1, 1, 1, 1, 1, 3]"
191,ES:es15l:41_d1_r10,"[2188, 2194]","[1, 1]"
192,ES:es15l:42_d1_r9,"[2117, 2176, 2194]","[1, 1, 1]"
193,ES:es15l:43_d1_r9,[2188],[1]
194,ES:es15l:44_d1_r6,"[2176, 2192, 2193, 2194]","[1, 1, 2, 6]"
195,ES:es15l:45_d1_r6,"[2187, 2194, 2244]","[1, 1, 1]"
196,ES:es15l:46_d1_r6,"[2117, 2168, 2169, 2170, 2171, 2175]","[1, 1, 1, 1, 1, 1]"
197,ES:es15l:47_d1_r5,"[2101, 2187, 2194]","[1, 1, 1]"
198,ES:es15l:48_d1_r4,"[2151, 2152, 2153, 2154, 2155, 2156, 2187, 2194]","[1, 1, 1, 1, 1, 1, 1, 4]"
199,ES:es15l:49_d2_r4,"[2176, 2193]","[1, 3]"
200,ES:es15l:50_d1_r4,"[2187, 2214]","[1, 2]"
201,ES:es15l:51_d1_r4,"[2172, 2187, 2194]","[2, 1, 1]"
202,ES:es15l:52_d1_r3,[2176],[3]
203,ES:es15l:53_d1_r3,"[2176, 2194, 2244]","[1, 2, 1]"
204,ES:es15l:54_d1_r3,"[2176, 2194, 2244]","[1, 2, 2]"
205,ES:es15l:55_d1_r3,"[2176, 2187, 2194, 2226]","[1, 1, 1, 2]"
206,ES:es15l:56_d2_r3,"[2110, 2176]","[2, 1]"
207,ES:es15l:57_d1_r3,"[2101, 2187, 2194]","[1, 1, 3]"
208,ES:es15l:58_d1_r3,"[2101, 2187, 2194]","[1, 1, 2]"
209,ES:es15l:59_d1_r2,"[2168, 2169, 2170, 2171, 2175, 2192, 2193]","[1, 1, 1, 1, 1, 2, 1]"
210,ES:es15l:60_d1_r2,"[2168, 2169, 2170, 2171, 2175, 2194, 2222]","[1, 1, 1, 1, 1, 1, 1]"
211,ES:es15l:61_d1_r2,"[2110, 2187, 2194, 2195]","[1, 1, 2, 1]"
212,ES:es15l:62_d1_r2,"[2187, 2194, 2232]","[1, 4, 1]"
213,ES:es15l:63_d1_r2,"[2176, 2194, 2244]","[1, 1, 2]"
214,ES:es15l:64_d1_r2,"[2181, 2194, 2195]","[1, 2, 1]"
215,ES:es15l:65_d1_r2,"[2187, 2226]","[1, 1]"
216,ES:es15l:66_d1_r2,"[2187, 2194, 2244]","[1, 2, 2]"
217,ES:es15l:67_d1_r2,"[2180, 2187, 2194]","[1, 1, 2]"
218,ES:es15l:68_d1_r2,"[2180, 2187]","[1, 1]"
219,ES:es15l:69_d1_r1,"[2110, 2176, 2239]","[1, 1, 1]"
220,ES:es15l:70_d1_r1,"[2167, 2168, 2169, 2170, 2171, 2175]","[1, 1, 1, 1, 1, 1]"
221,ES:es15l:71_d1_r1,"[2171, 2175, 2185, 2194]","[1, 1, 1, 3]"
222,ES:es15l:72_d1_r1,"[2168, 2169, 2170, 2171, 2175, 2214]","[1, 1, 1, 1, 1, 1]"
223,ES:es15l:73_d1_r1,"[2172, 2187]","[2, 1]"
224,ES:es15l:74_d1_r1,"[2176, 2187, 2194, 2232]","[1, 1, 1, 2]"
225,ES:es15l:75_d1_r1,"[2119, 2187, 2194]","[1, 1, 3]"
226,ES:es15l:76_d1_r1,"[2117, 2187, 2194, 2244]","[1, 1, 3, 1]"
227,ES:es15l:77_d1_r1,"[2150, 2194]","[1, 2]"
228,ES:es15l:78_d1_r1,"[2151, 2152, 2153, 2154, 2155, 2156, 2188, 2194]","[1, 1, 1, 1, 1, 1, 2, 5]"
229,ES:pre_es8l:0_d334_r12436,[],[]
230,ES:pre_es8l:1_d15_r207,[1344],[1]
231,ES:pre_es8l:2_d2_r95,[1337],[1]
232,ES:pre_es8l:3_d3_r68,[1312],[1]
233,ES:pre_es8l:4_d2_r51,[1327],[1]
234,ES:pre_es8l:5_d2_r39,[1317],[1]
235,ES:pre_es8l:6_d2_r38,[1346],[1]
236,ES:pre_es8l:7_d1_r35,[1312],[2]
237,ES:pre_es8l:8_d2_r20,[1330],[1]
238,ES:pre_es8l:9_d2_r10,[1327],[2]
239,ES:pre_es8l:10_d2_r6,"[1344, 1346]","[1, 1]"
240,ES:pre_es8l:11_d1_r1,"[1312, 1344]","[2, 1]"
241,ES:es31l:0_d262_r9011,[],[]
242,ES:es31l:1_d27_r1786,[4095],[1]
243,ES:es31l:2_d1_r208,[4172],[1]
244,ES:es31l:3_d8_r91,[4106],[1]
245,ES:es31l:4_d14_r83,[4095],[2]
246,ES:es31l:5_d2_r67,[4138],[1]
247,ES:es31l:6_d6_r47,[4172],[2]
248,ES:es31l:7_d6_r40,[4156],[1]
249,ES:es31l:8_d4_r36,[4112],[1]
250,ES:es31l:9_d1_r33,[4138],[2]
251,ES:es31l:10_d1_r32,[4143],[1]
252,ES:es31l:11_d2_r31,[4092],[1]
253,ES:es31l:12_d2_r30,[4156],[2]
254,ES:es31l:13_d1_r30,[4170],[1]
255,ES:es31l:14_d2_r27,[4141],[1]
256,ES:es31l:15_d2_r18,[4087],[1]
257,ES:es31l:16_d1_r16,"[4095, 4106]","[1, 1]"
258,ES:es31l:17_d2_r16,[4131],[1]
259,ES:es31l:18_d1_r12,"[4095, 4138]","[1, 2]"
260,ES:es31l:19_d1_r7,"[4095, 4170]","[1, 1]"
261,ES:es31l:20_d1_r4,"[4112, 4172]","[1, 1]"
262,ES:es31l:21_d1_r4,"[4106, 4156]","[1, 1]"
263,ES:es31l:22_d1_r3,"[4095, 4112]","[2, 1]"
264,ES:es31l:23_d1_r3,"[4106, 4138]","[1, 2]"
265,ES:es31l:24_d1_r2,"[4106, 4172]","[1, 2]"
266,ES:es31l:25_d1_r1,"[4106, 4150]","[1, 1]"
267,ES:es31l:26_d1_r1,"[4112, 4138]","[1, 2]"
268,ES:es31l:27_d1_r1,"[4112, 4138]","[1, 1]"
269,ES:pre_es5l:0_d207_r5272,[],[]
270,ES:pre_es5l:1_d116_r2927,[59],[1]
271,ES:pre_es5l:2_d1_r166,[94],[1]
272,ES:pre_es5l:3_d1_r80,"[59, 94]","[1, 1]"
273,ES:pre_es5l:4_d2_r51,"[59, 93]","[1, 1]"
274,ES:pre_es5l:5_d2_r30,[25],[1]
275,ES:pre_es5l:6_d2_r28,[63],[1]
276,ES:pre_es5l:7_d1_r26,[101],[1]
277,ES:pre_es5l:8_d3_r25,[78],[1]
278,ES:pre_es5l:9_d1_r24,[109],[2]
279,ES:pre_es5l:10_d1_r24,"[25, 59]","[1, 1]"
280,ES:pre_es5l:11_d3_r20,[25],[2]
281,ES:pre_es5l:12_d2_r18,"[59, 101]","[1, 2]"
282,ES:pre_es5l:13_d2_r18,"[59, 94]","[1, 2]"
283,ES:pre_es5l:14_d2_r18,"[59, 63]","[1, 1]"
284,ES:pre_es5l:15_d3_r16,[101],[2]
285,ES:pre_es5l:16_d1_r14,"[25, 59]","[2, 1]"
286,ES:pre_es5l:17_d3_r12,"[59, 78]","[1, 1]"
287,ES:pre_es5l:18_d1_r8,"[59, 78]","[1, 2]"
288,ES:pre_es5l:19_d1_r8,"[59, 109]","[1, 2]"
289,ES:pre_es5l:20_d2_r6,[73],[1]
290,ES:pre_es5l:21_d3_r2,[105],[1]
291,ES:pre_es5l:22_d1_r2,"[93, 109]","[1, 2]"
292,ES:pre_es5l:23_d1_r1,"[94, 101]","[1, 1]"
293,ES:pre_es5l:24_d1_r1,"[78, 109]","[1, 2]"
294,ES:es19l:0_d344_r12674,[],[]
295,ES:es19l:1_d4_r177,[2472],[1]
296,ES:es19l:2_d1_r125,[2477],[1]
297,ES:es19l:3_d2_r87,[2495],[1]
298,ES:es19l:4_d6_r55,[2472],[2]
299,ES:es19l:5_d2_r54,[2486],[1]
300,ES:es19l:6_d1_r53,[2492],[1]
301,ES:es19l:7_d3_r48,[2502],[1]
302,ES:es19l:8_d3_r48,[2495],[2]
303,ES:es19l:9_d5_r44,[2467],[1]
304,ES:es19l:10_d2_r36,[2500],[1]
305,ES:es19l:11_d3_r18,[2484],[1]
306,ES:es19l:12_d1_r5,"[2477, 2492]","[1, 1]"
307,ES:es19l:13_d1_r1,"[2472, 2502]","[2, 1]"
308,ES:es20l:0_d343_r12118,[],[]
309,ES:es20l:1_d9_r139,[2591],[1]
310,ES:es20l:2_d3_r120,[2576],[1]
311,ES:es20l:3_d3_r56,[2553],[1]
312,ES:es20l:4_d2_r54,[2593],[1]
313,ES:es20l:5_d2_r27,[2594],[1]
314,ES:es20l:6_d1_r26,[2594],[2]
315,ES:es20l:7_d2_r20,[2569],[1]
316,ES:es20l:8_d2_r19,[2547],[1]
317,ES:es20l:9_d4_r7,[2544],[1]
318,ES:es3s:0_d399_r34150,[],[]
319,ES:es3s:1_d6_r1078,[201],[1]
320,ES:es3s:2_d8_r594,[191],[1]
321,ES:es3s:3_d5_r544,[264],[1]
322,ES:es3s:4_d5_r463,[320],[1]
323,ES:es3s:5_d76_r309,[201],[2]
324,ES:es3s:6_d4_r159,[245],[1]
325,ES:es3s:7_d18_r141,[264],[2]
326,ES:es3s:8_d4_r136,[228],[1]
327,ES:es3s:9_d2_r133,[271],[1]
328,ES:es3s:10_d1_r105,[256],[1]
329,ES:es3s:11_d4_r94,[320],[2]
330,ES:es3s:12_d1_r86,[228],[2]
331,ES:es3s:13_d1_r82,"[191, 201]","[1, 1]"
332,ES:es3s:14_d10_r81,[256],[2]
333,ES:es3s:15_d9_r80,[191],[2]
334,ES:es3s:16_d2_r46,[236],[1]
335,ES:es3s:17_d6_r39,[245],[2]
336,ES:es3s:18_d4_r38,[306],[2]
337,ES:es3s:19_d2_r37,[254],[1]
338,ES:es3s:20_d2_r36,[182],[1]
339,ES:es3s:21_d2_r35,[284],[1]
340,ES:es3s:22_d2_r33,[271],[2]
341,ES:es3s:23_d3_r24,[262],[1]
342,ES:es3s:24_d1_r23,[276],[1]
343,ES:es3s:25_d1_r20,[260],[1]
344,ES:es3s:26_d2_r19,[217],[1]
345,ES:es3s:27_d1_r18,[281],[1]
346,ES:es3s:28_d1_r17,[281],[2]
347,ES:es3s:29_d4_r16,[252],[1]
348,ES:es3s:30_d1_r16,[328],[1]
349,ES:es3s:31_d1_r15,[234],[1]
350,ES:es3s:32_d1_r13,"[201, 264]","[2, 1]"
351,ES:es3s:33_d7_r13,"[201, 264]","[2, 2]"
352,ES:es3s:34_d1_r11,[177],[1]
353,ES:es3s:35_d1_r10,"[191, 201]","[1, 2]"
354,ES:es3s:36_d2_r10,"[201, 256]","[2, 2]"
355,ES:es3s:37_d1_r10,[182],[3]
356,ES:es3s:38_d1_r9,"[191, 264]","[2, 2]"
357,ES:es3s:39_d2_r7,"[191, 201]","[2, 2]"
358,ES:es3s:40_d1_r6,"[191, 271]","[1, 1]"
359,ES:es3s:41_d1_r6,[177],[2]
360,ES:es3s:42_d1_r6,"[191, 201]","[2, 1]"
361,ES:es3s:43_d2_r6,[309],[1]
362,ES:es3s:44_d1_r5,"[201, 256]","[2, 1]"
363,ES:es3s:45_d3_r5,[287],[1]
364,ES:es3s:46_d4_r5,"[201, 320]","[2, 2]"
365,ES:es3s:47_d2_r4,"[182, 201]","[1, 2]"
366,ES:es3s:48_d1_r4,"[256, 320]","[2, 1]"
367,ES:es3s:49_d1_r4,"[201, 306]","[2, 2]"
368,ES:es3s:50_d1_r3,[243],[1]
369,ES:es3s:51_d1_r2,"[236, 264]","[1, 1]"
370,ES:es3s:52_d1_r2,"[201, 306]","[2, 1]"
371,ES:es3s:53_d1_r2,"[182, 306]","[2, 2]"
372,ES:es3s:54_d1_r2,"[228, 264]","[2, 2]"
373,ES:es3s:55_d1_r2,"[245, 264]","[1, 2]"
374,ES:es3s:56_d1_r2,"[256, 264]","[2, 1]"
375,ES:es3s:57_d1_r2,"[256, 320]","[1, 2]"
376,ES:es3s:58_d1_r1,"[217, 260]","[1, 1]"
377,ES:es3s:59_d1_r1,"[201, 271]","[2, 2]"
378,ES:es3s:60_d1_r1,"[201, 239]","[2, 1]"
379,ES:es3s:61_d1_r1,"[256, 320]","[2, 2]"
380,ES:es3s:62_d1_r1,"[281, 331]","[1, 1]"
381,ES:es3s:63_d1_r1,"[245, 256]","[2, 2]"
382,ES:es3s:64_d2_r1,"[245, 264]","[2, 2]"
383,ES:es3s:65_d1_r1,"[245, 284]","[2, 1]"
384,ES:es3s:66_d1_r1,"[245, 331]","[2, 1]"
385,ES:es3s:67_d1_r1,"[236, 245]","[1, 1]"
386,ES:es3s:68_d1_r1,"[182, 276]","[1, 1]"
387,ES:es3s:69_d1_r1,"[189, 228]","[1, 2]"
388,ES:es14s:0_d741_r57277,[],[]
389,ES:es14s:1_d13_r198,[1156],[1]
390,ES:es14s:2_d5_r106,[1153],[1]
391,ES:pre_es13l:0_d318_r11584,[],[]
392,ES:pre_es13l:1_d2_r80,[1912],[1]
393,ES:pre_es13l:2_d6_r70,[1884],[1]
394,ES:pre_es13l:3_d2_r66,[1901],[1]
395,ES:pre_es13l:4_d2_r56,[1884],[2]
396,ES:pre_es13l:5_d10_r56,[1859],[1]
397,ES:pre_es13l:6_d3_r28,[1919],[1]
398,ES:pre_es13l:7_d1_r19,[1899],[1]
399,ES:pre_es13l:8_d2_r18,[1846],[2]
400,ES:pre_es13l:9_d2_r15,[1876],[1]
401,ES:pre_es13l:10_d1_r14,[1846],[1]
402,ES:pre_es13l:11_d1_r12,[1863],[1]
403,ES:pre_es13l:12_d2_r8,[1866],[1]
404,ES:pre_es13l:13_d2_r7,[1869],[1]
405,ES:pre_es13l:14_d1_r2,"[1859, 1901]","[1, 1]"
406,ES:pre_es13l:15_d1_r1,"[1846, 1912]","[1, 1]"
407,ES:pre_es13l:16_d1_r1,"[1899, 1912]","[1, 1]"
408,ES:pre_es41l:0_d348_r12368,[],[]
409,ES:pre_es41l:1_d5_r183,[5003],[1]
410,ES:pre_es41l:2_d5_r116,[5003],[2]
411,ES:pre_es41l:3_d11_r93,[4998],[1]
412,ES:pre_es41l:4_d1_r75,[4972],[1]
413,ES:pre_es41l:5_d1_r45,[4972],[2]
414,ES:pre_es41l:6_d2_r40,[5007],[1]
415,ES:pre_es41l:7_d2_r31,[4975],[1]
416,ES:pre_es41l:8_d2_r23,[4989],[1]
417,ES:pre_es31l:0_d340_r10611,[],[]
418,ES:pre_es31l:1_d20_r2237,[4072],[1]
419,ES:pre_es31l:2_d2_r220,[4072],[2]
420,ES:pre_es31l:3_d10_r50,[4072],[3]
421,ES:pre_es31l:4_d3_r22,[4048],[1]
422,ES:pre_es31l:5_d3_r19,[4052],[1]
423,ES:pre_es31l:6_d1_r16,[4057],[1]
424,ES:pre_es31l:7_d1_r5,"[4057, 4072]","[1, 1]"
425,ES:es39l:0_d44_r1506,[4912],[1]
426,ES:es39l:1_d19_r1462,[],[]
427,ES:es39l:2_d19_r1080,[4804],[1]
428,ES:es39l:3_d24_r1060,"[4804, 4912]","[1, 1]"
429,ES:es39l:4_d18_r794,[4804],[2]
430,ES:es39l:5_d3_r377,"[4804, 4912]","[2, 1]"
431,ES:es39l:6_d28_r360,"[4804, 4816]","[2, 1]"
432,ES:es39l:7_d7_r338,[4804],[3]
433,ES:es39l:8_d11_r211,"[4804, 4816]","[3, 1]"
434,ES:es39l:9_d8_r82,[4804],[4]
435,ES:es39l:10_d1_r51,"[4804, 4912]","[3, 1]"
436,ES:es39l:11_d1_r44,"[4866, 4912]","[1, 1]"
437,ES:es39l:12_d3_r34,[4777],[1]
438,ES:es39l:13_d4_r29,[4805],[1]
439,ES:es39l:14_d1_r28,"[4777, 4804, 4912]","[1, 1, 1]"
440,ES:es39l:15_d2_r25,"[4912, 4926]","[1, 1]"
441,ES:es39l:16_d2_r25,"[4777, 4804]","[1, 2]"
442,ES:es39l:17_d1_r23,"[4805, 4912]","[1, 1]"
443,ES:es39l:18_d1_r17,[4821],[1]
444,ES:es39l:19_d2_r16,"[4777, 4804]","[1, 3]"
445,ES:es39l:20_d1_r16,[4926],[1]
446,ES:es39l:21_d1_r15,"[4804, 4816, 4866]","[2, 1, 1]"
447,ES:es39l:22_d2_r14,"[4804, 4926]","[1, 1]"
448,ES:es39l:23_d1_r14,"[4821, 4912]","[1, 1]"
449,ES:es39l:24_d1_r13,[4872],[1]
450,ES:es39l:25_d2_r12,"[4788, 4912]","[1, 1]"
451,ES:es39l:26_d4_r10,"[4804, 4912, 4926]","[1, 1, 2]"
452,ES:es39l:27_d1_r10,"[4804, 4833, 4912]","[1, 1, 1]"
453,ES:es39l:28_d1_r8,"[4804, 4926]","[3, 1]"
454,ES:es39l:29_d3_r8,"[4895, 4912]","[1, 1]"
455,ES:es39l:30_d1_r8,[4926],[2]
456,ES:es39l:31_d1_r8,"[4788, 4804, 4912]","[1, 1, 1]"
457,ES:es39l:32_d1_r7,[4837],[1]
458,ES:es39l:33_d2_r6,"[4777, 4804, 4912]","[2, 1, 1]"
459,ES:es39l:34_d1_r5,"[4788, 4804, 4816]","[1, 2, 1]"
460,ES:es39l:35_d1_r4,"[4788, 4804, 4816]","[1, 3, 1]"
461,ES:es39l:36_d1_r4,"[4777, 4804]","[1, 4]"
462,ES:es39l:37_d1_r4,"[4804, 4816, 4821]","[2, 1, 1]"
463,ES:es39l:38_d1_r3,"[4804, 4816]","[4, 1]"
464,ES:es39l:39_d1_r3,"[4788, 4804]","[1, 2]"
465,ES:es39l:40_d1_r3,"[4804, 4957]","[2, 1]"
466,ES:es39l:41_d1_r3,"[4804, 4833]","[3, 1]"
467,ES:es39l:42_d1_r2,"[4804, 4816, 4895]","[2, 1, 1]"
468,ES:es39l:43_d2_r2,"[4804, 4816, 4957]","[2, 1, 2]"
469,ES:es39l:44_d1_r2,"[4798, 4804]","[1, 3]"
470,ES:es39l:45_d1_r2,"[4804, 4816, 4860]","[3, 1, 1]"
471,ES:es39l:46_d1_r2,"[4804, 4816, 4821, 4866]","[3, 1, 1, 1]"
472,ES:es39l:47_d2_r2,"[4804, 4816, 4837]","[2, 1, 1]"
473,ES:es39l:48_d1_r2,"[4777, 4804]","[2, 1]"
474,ES:es39l:49_d1_r2,"[4804, 4816, 4821]","[1, 1, 1]"
475,ES:es39l:50_d1_r2,"[4788, 4912]","[2, 1]"
476,ES:es39l:51_d2_r2,"[4866, 4912]","[2, 1]"
477,ES:es39l:52_d1_r2,"[4911, 4913]","[1, 2]"
478,ES:es39l:53_d1_r2,[4884],[1]
479,ES:es39l:54_d1_r2,"[4912, 4934]","[1, 1]"
480,ES:es39l:55_d1_r1,[4772],[1]
481,ES:es39l:56_d1_r1,"[4766, 4912]","[1, 1]"
482,ES:es39l:57_d1_r1,"[4804, 4833]","[1, 2]"
483,ES:es39l:58_d1_r1,"[4804, 4837]","[1, 2]"
484,ES:es39l:59_d1_r1,[4902],[2]
485,ES:es39l:60_d1_r1,"[4804, 4912, 4934]","[1, 1, 1]"
486,ES:es39l:61_d1_r1,"[4804, 4934]","[1, 2]"
487,ES:es39l:62_d1_r1,"[4798, 4804]","[2, 1]"
488,ES:es39l:63_d1_r1,"[4804, 4816, 4846]","[2, 1, 1]"
489,ES:es39l:64_d1_r1,"[4804, 4866, 4912, 4926]","[2, 1, 1, 1]"
490,ES:es7s:0_d717_r55663,[],[]
491,ES:es7s:1_d25_r435,[1115],[1]
492,ES:es7s:2_d4_r272,[1122],[1]
493,ES:es7s:3_d5_r68,[1106],[1]
494,ES:es13s:0_d756_r55674,[],[]
495,ES:es13s:1_d5_r151,[365],[1]
496,ES:es7l:0_d7_r470,[],[]
497,ES:es7l:1_d5_r245,[868],[1]
498,ES:es7l:2_d3_r164,"[782, 847, 848, 849, 850, 851, 852]","[1, 1, 1, 1, 1, 1, 1]"
499,ES:es7l:3_d10_r97,"[847, 848, 849, 1001]","[1, 1, 1, 1]"
500,ES:es7l:4_d1_r65,"[868, 1137]","[1, 1]"
501,ES:es7l:5_d4_r55,"[847, 878]","[2, 1]"
502,ES:es7l:6_d2_r52,"[847, 848, 849, 850, 851, 852]","[1, 1, 1, 1, 1, 1]"
503,ES:es7l:7_d1_r51,"[847, 848, 849]","[1, 1, 1]"
504,ES:es7l:8_d1_r46,"[785, 847, 848, 849, 850, 851, 852, 882]","[1, 1, 1, 1, 1, 1, 1, 1]"
505,ES:es7l:9_d1_r38,[899],[1]
506,ES:es7l:10_d1_r38,"[861, 867]","[1, 1]"
507,ES:es7l:11_d4_r24,[878],[1]
508,ES:es7l:12_d1_r20,[918],[1]
509,ES:es7l:13_d2_r19,"[782, 783, 784, 847, 848, 849, 850, 851, 852, 882]","[2, 1, 1, 1, 1, 1, 1, 1, 1, 1]"
510,ES:es7l:14_d2_r19,"[847, 848, 849, 850, 851, 852, 853, 854, 855]","[1, 1, 1, 1, 1, 1, 1, 1, 1]"
511,ES:es7l:15_d1_r18,[847],[2]
512,ES:es7l:16_d2_r18,[518],[1]
513,ES:es7l:17_d1_r17,"[755, 761, 861, 867]","[2, 1, 1, 1]"
514,ES:es7l:18_d2_r17,"[763, 764, 765, 766, 847, 848, 849]","[1, 1, 1, 1, 1, 1, 1]"
515,ES:es7l:19_d1_r16,[608],[1]
516,ES:es7l:20_d1_r15,"[847, 848, 849, 878]","[1, 1, 1, 1]"
517,ES:es7l:21_d1_r12,"[782, 847, 848, 849, 850, 851, 852, 853, 854, 855]","[1, 1, 1, 1, 1, 1, 1, 1, 1, 1]"
518,ES:es7l:22_d1_r11,"[868, 869, 870, 871, 872, 873, 1014, 1137]","[2, 1, 1, 1, 1, 1, 1, 1]"
519,ES:es7l:23_d1_r11,"[643, 868]","[1, 1]"
520,ES:es7l:24_d1_r5,"[763, 764, 765, 766, 901]","[1, 1, 1, 1, 1]"
521,ES:es7l:25_d1_r4,[1160],[1]
522,ES:es7l:26_d1_r4,[1063],[1]
523,ES:es7l:27_d1_r3,[982],[1]
524,ES:es7l:28_d2_r3,"[763, 764, 765, 766, 847, 848, 849, 1001]","[1, 1, 1, 1, 1, 1, 1, 1]"
525,ES:es7l:29_d1_r3,"[858, 865, 866, 867]","[2, 2, 1, 2]"
526,ES:es7l:30_d1_r2,"[586, 868]","[1, 1]"
527,ES:es7l:31_d2_r2,"[863, 864, 1001]","[1, 1, 1]"
528,ES:es7l:32_d1_r2,"[782, 847, 848, 849, 850, 851, 852, 982]","[1, 1, 1, 1, 1, 1, 1, 1]"
529,ES:es7l:33_d2_r1,[565],[2]
530,ES:es7l:34_d1_r1,"[518, 763, 764, 765, 766]","[1, 1, 1, 1, 1]"
531,ES:es7l:35_d1_r1,[440],[2]
532,ES:es7l:36_d1_r1,"[763, 764, 765, 766, 1063]","[1, 1, 1, 1, 1]"
533,ES:es7l:37_d1_r1,"[863, 864, 1001, 1137]","[1, 1, 1, 1]"
534,ES:es7l:38_d1_r1,[982],[2]
535,ES:es7l:39_d2_r1,[1247],[1]
536,ES:es7l:40_d1_r1,"[608, 785, 847, 848, 849, 850, 851, 852, 882]","[1, 1, 1, 1, 1, 1, 1, 1, 1]"
537,ES:es7l:41_d1_r1,"[622, 868, 1023, 1257]","[1, 1, 1, 1]"
538,ES:es41l:0_d371_r13047,[],[]
539,ES:es41l:1_d2_r82,[5029],[2]
540,ES:es41l:2_d7_r81,[5029],[1]
541,ES:pre_es3s:0_d749_r43079,[],[]
542,ES:pre_es3s:1_d2_r28,[169],[1]
543,ES:pre_es9l:0_d380_r13996,[],[]
544,ES:pre_es9l:1_d3_r27,[1390],[1]
545,ES:post_es41l:0_d386_r13673,[],[]
546,ES:es45l:0_d331_r11235,[],[]
547,ES:es45l:1_d9_r320,[247],[1]
548,ES:es45l:2_d7_r134,[263],[1]
549,ES:es45l:3_d3_r112,[260],[2]
550,ES:es45l:4_d8_r106,[266],[1]
551,ES:es45l:5_d4_r106,[260],[1]
552,ES:es45l:6_d5_r82,[247],[2]
553,ES:es45l:7_d2_r45,[258],[1]
554,ES:es45l:8_d2_r30,[252],[1]
555,ES:es45l:9_d1_r7,"[247, 263]","[2, 1]"
556,ES:es45l:10_d1_r5,"[247, 266]","[1, 1]"
557,ES:es45l:11_d1_r2,[263],[2]
558,ES:pre_es13s:0_d733_r51625,[],[]
559,ES:pre_es13s:1_d3_r265,[352],[1]
560,ES:pre_es13s:2_d2_r224,[339],[1]
561,ES:pre_es13s:3_d3_r141,[355],[1]
562,ES:pre_es13s:4_d8_r119,[339],[2]
563,ES:pre_es13s:5_d2_r114,[337],[1]
564,ES:pre_es13s:6_d2_r42,[362],[1]
565,ES:es6s:0_d441_r33081,[],[]
566,ES:es6s:1_d1_r8569,[807],[1]
567,ES:es6s:2_d5_r312,[754],[1]
568,ES:es6s:3_d2_r202,[732],[1]
569,ES:es6s:4_d12_r189,[807],[2]
570,ES:es6s:5_d3_r111,[737],[1]
571,ES:es6s:6_d4_r111,[780],[1]
572,ES:es6s:7_d3_r105,[785],[1]
573,ES:es6s:8_d2_r98,"[754, 807]","[1, 1]"
574,ES:es6s:9_d7_r88,[754],[2]
575,ES:es6s:10_d1_r84,[699],[1]
576,ES:es6s:11_d1_r73,[789],[1]
577,ES:es6s:12_d12_r60,[689],[1]
578,ES:es6s:13_d14_r59,[732],[2]
579,ES:es6s:14_d7_r58,[789],[2]
580,ES:es6s:15_d6_r56,[886],[1]
581,ES:es6s:16_d1_r51,[798],[1]
582,ES:es6s:17_d2_r43,[875],[1]
583,ES:es6s:18_d9_r42,[785],[2]
584,ES:es6s:19_d3_r41,[695],[2]
585,ES:es6s:20_d12_r41,[737],[2]
586,ES:es6s:21_d3_r40,[780],[2]
587,ES:es6s:22_d1_r38,[706],[1]
588,ES:es6s:23_d1_r36,"[785, 807]","[1, 1]"
589,ES:es6s:24_d1_r35,[727],[2]
590,ES:es6s:25_d6_r35,[895],[2]
591,ES:es6s:26_d1_r28,[727],[1]
592,ES:es6s:27_d5_r26,[858],[1]
593,ES:es6s:28_d1_r26,[750],[1]
594,ES:es6s:29_d6_r20,[699],[2]
595,ES:es6s:30_d2_r20,[798],[2]
596,ES:es6s:31_d1_r18,"[780, 807]","[2, 1]"
597,ES:es6s:32_d1_r17,[803],[1]
598,ES:es6s:33_d2_r16,[830],[1]
599,ES:es6s:34_d2_r15,[841],[1]
600,ES:es6s:35_d1_r15,[900],[1]
601,ES:es6s:36_d4_r13,[860],[1]
602,ES:es6s:37_d4_r12,[902],[1]
603,ES:es6s:38_d1_r10,[824],[1]
604,ES:es6s:39_d1_r9,[838],[1]
605,ES:es6s:40_d2_r9,[910],[1]
606,ES:es6s:41_d1_r7,[724],[1]
607,ES:es6s:42_d1_r6,[721],[1]
608,ES:es6s:43_d1_r6,"[695, 754]","[1, 1]"
609,ES:es6s:44_d2_r5,[879],[1]
610,ES:es6s:45_d1_r5,"[754, 875]","[1, 1]"
611,ES:es6s:46_d1_r4,[891],[1]
612,ES:es6s:47_d1_r4,[875],[2]
613,ES:es6s:48_d1_r3,"[737, 789]","[2, 2]"
614,ES:es6s:49_d1_r3,"[689, 807]","[1, 2]"
615,ES:es6s:50_d1_r3,"[798, 807]","[2, 2]"
616,ES:es6s:51_d1_r3,"[754, 785]","[2, 2]"
617,ES:es6s:52_d1_r3,"[754, 780]","[2, 1]"
618,ES:es6s:53_d1_r3,"[689, 737]","[1, 1]"
619,ES:es6s:54_d2_r2,"[689, 754]","[1, 2]"
620,ES:es6s:55_d1_r2,"[695, 732]","[1, 2]"
621,ES:es6s:56_d1_r2,[883],[1]
622,ES:es6s:57_d1_r1,"[699, 893]","[2, 1]"
623,ES:es6s:58_d1_r1,"[689, 785]","[1, 2]"
624,ES:es6s:59_d1_r1,"[689, 872]","[1, 1]"
625,ES:es6s:60_d1_r1,"[695, 709]","[1, 1]"
626,ES:es6s:61_d1_r1,"[785, 807]","[2, 2]"
627,ES:es6s:62_d1_r1,"[754, 832]","[2, 1]"
628,ES:es6s:63_d1_r1,"[754, 866]","[2, 1]"
629,ES:es6s:64_d1_r1,"[754, 895]","[1, 1]"
630,ES:es6s:65_d1_r1,"[815, 816]","[1, 1]"
631,ES:es6s:66_d1_r1,"[807, 891]","[2, 1]"
632,ES:es6s:67_d1_r1,"[737, 886]","[2, 1]"
633,ES:es6s:68_d1_r1,"[737, 807]","[2, 2]"
634,ES:es6s:69_d1_r1,"[732, 830]","[1, 1]"
635,ES:es6s:70_d1_r1,"[732, 875]","[1, 1]"
636,ES:es8l:0_d362_r13046,[],[]
637,ES:es8l:1_d5_r422,[1357],[1]
638,ES:es8l:2_d12_r94,[1357],[2]
639,ES:es8l:3_d2_r29,[1374],[1]
640,ES:pre_es12l:0_d305_r11693,[],[]
641,ES:pre_es12l:1_d2_r186,[1734],[1]
642,ES:pre_es12l:2_d20_r145,[1757],[1]
643,ES:pre_es12l:3_d5_r58,[1730],[1]
644,ES:pre_es12l:4_d6_r50,[1785],[1]
645,ES:pre_es12l:5_d2_r49,[1732],[1]
646,ES:pre_es12l:6_d1_r37,[1761],[1]
647,ES:pre_es12l:7_d2_r35,[1792],[1]
648,ES:pre_es12l:8_d1_r32,[1796],[1]
649,ES:pre_es12l:9_d1_r30,[1764],[1]
650,ES:pre_es12l:10_d2_r22,[1780],[1]
651,ES:pre_es12l:11_d1_r17,[1776],[1]
652,ES:pre_es12l:12_d3_r9,[1800],[1]
653,ES:pre_es12l:13_d2_r8,[1751],[1]
654,ES:pre_es12l:14_d1_r2,"[1757, 1792]","[1, 1]"
655,ES:pre_es12l:15_d1_r2,"[1732, 1757]","[1, 1]"
656,ES:pre_es19l:0_d285_r9921,[],[]
657,ES:pre_es19l:1_d1_r92,[2453],[1]
658,ES:pre_es19l:2_d1_r82,[2284],[1]
659,ES:pre_es19l:3_d4_r60,[2321],[1]
660,ES:pre_es19l:4_d3_r59,[2324],[1]
661,ES:pre_es19l:5_d2_r37,[2318],[1]
662,ES:pre_es19l:6_d1_r36,[2312],[1]
663,ES:pre_es19l:7_d1_r33,[2403],[1]
664,ES:pre_es19l:8_d3_r32,[2453],[2]
665,ES:pre_es19l:9_d1_r29,[2324],[2]
666,ES:pre_es19l:10_d2_r28,[2312],[2]
667,ES:pre_es19l:11_d1_r27,[2406],[1]
668,ES:pre_es19l:12_d3_r24,[2382],[1]
669,ES:pre_es19l:13_d1_r22,[2443],[1]
670,ES:pre_es19l:14_d2_r21,[2372],[1]
671,ES:pre_es19l:15_d2_r18,[2388],[1]
672,ES:pre_es19l:16_d1_r18,[2294],[1]
673,ES:pre_es19l:17_d1_r15,[2390],[1]
674,ES:pre_es19l:18_d1_r14,[2431],[1]
675,ES:pre_es19l:19_d3_r13,[2350],[1]
676,ES:pre_es19l:20_d1_r11,[2300],[1]
677,ES:pre_es19l:21_d1_r9,[2335],[1]
678,ES:pre_es19l:22_d1_r9,[2300],[2]
679,ES:pre_es19l:23_d2_r9,[2332],[1]
680,ES:pre_es19l:24_d1_r5,[2440],[1]
681,ES:pre_es19l:25_d2_r2,"[2284, 2382]","[1, 1]"
682,ES:pre_es19l:26_d1_r2,[2422],[1]
683,ES:post_es12s:0_d700_r41824,[],[]
684,ES:post_es12s:1_d3_r125,[1821],[1]
685,ES:post_es12s:2_d4_r71,[1856],[1]
686,ES:post_es12s:3_d3_r71,[1821],[2]
687,ES:post_es12s:4_d5_r52,[1837],[1]
688,ES:post_es12s:5_d1_r49,[1830],[2]
689,ES:post_es12s:6_d4_r46,[1851],[1]
690,ES:post_es12s:7_d5_r41,[1830],[1]
691,ES:post_es12s:8_d2_r41,[1840],[1]
692,ES:post_es12s:9_d2_r38,[1845],[1]
693,ES:post_es12s:10_d3_r33,[1789],[1]
694,ES:post_es12s:11_d2_r32,[1794],[1]
695,ES:post_es12s:12_d1_r15,[1802],[1]
696,ES:post_es12s:13_d1_r11,[1860],[1]
697,ES:post_es12s:14_d1_r1,"[1851, 1856]","[1, 1]"
698,ES:es43l:0_d328_r10775,[],[]
699,ES:es43l:1_d16_r725,[187],[1]
700,ES:es43l:2_d8_r175,[171],[1]
701,ES:es43l:3_d13_r124,[187],[2]
702,ES:es43l:4_d2_r61,[165],[1]
703,ES:es43l:5_d2_r59,[171],[2]
704,ES:es43l:6_d2_r41,[165],[2]
705,ES:es43l:7_d2_r30,[179],[1]
706,ES:es43l:8_d1_r26,"[171, 187]","[1, 1]"
707,ES:es43l:9_d2_r23,[175],[1]
708,ES:es43l:10_d1_r11,[178],[1]
709,ES:es43l:11_d1_r1,"[165, 178]","[1, 1]"
710,ES:es43l:12_d1_r1,"[171, 187]","[1, 2]"
711,ES:pre_es10s:0_d647_r50589,[],[]
712,ES:pre_es10s:1_d7_r543,[1513],[1]
713,ES:pre_es10s:2_d21_r165,[1513],[2]
714,ES:pre_es10s:3_d8_r147,[1469],[1]
715,ES:pre_es10s:4_d7_r99,[1539],[1]
716,ES:pre_es10s:5_d1_r82,[1466],[1]
717,ES:pre_es10s:6_d6_r82,[1500],[1]
718,ES:pre_es10s:7_d2_r69,[1469],[2]
719,ES:pre_es10s:8_d2_r53,[1466],[2]
720,ES:pre_es10s:9_d3_r45,[1511],[1]
721,ES:pre_es10s:10_d1_r43,[1457],[2]
722,ES:pre_es10s:11_d2_r33,[1489],[1]
723,ES:pre_es10s:12_d4_r30,[1457],[1]
724,ES:pre_es10s:13_d2_r25,[1518],[1]
725,ES:pre_es10s:14_d3_r24,[1528],[1]
726,ES:pre_es10s:15_d2_r11,[1476],[1]
727,ES:pre_es10s:16_d1_r3,"[1469, 1513]","[1, 2]"
728,ES:pre_es10s:17_d1_r2,"[1500, 1511]","[1, 1]"
729,ES:pre_es10s:18_d1_r1,"[1457, 1513]","[1, 2]"
730,ES:pre_es10s:19_d1_r1,"[1513, 1539]","[2, 1]"
731,ES:pre_es30l:0_d211_r7217,[],[]
732,ES:pre_es30l:1_d4_r599,[3748],[1]
733,ES:pre_es30l:2_d2_r69,[3705],[1]
734,ES:pre_es30l:3_d3_r48,[3680],[1]
735,ES:pre_es30l:4_d4_r47,[3631],[2]
736,ES:pre_es30l:5_d1_r40,[3847],[1]
737,ES:pre_es30l:6_d1_r36,[3839],[1]
738,ES:pre_es30l:7_d2_r31,[3759],[1]
739,ES:pre_es30l:8_d8_r27,[3903],[2]
740,ES:pre_es30l:9_d4_r22,[3672],[1]
741,ES:pre_es30l:10_d2_r18,[3680],[2]
742,ES:pre_es30l:11_d2_r16,[3907],[1]
743,ES:pre_es30l:12_d2_r16,[3879],[1]
744,ES:pre_es30l:13_d1_r15,[3652],[2]
745,ES:pre_es30l:14_d1_r11,[3879],[2]
746,ES:pre_es30l:15_d1_r11,[3891],[1]
747,ES:pre_es30l:16_d1_r11,[3765],[1]
748,ES:pre_es30l:17_d5_r11,[3885],[1]
749,ES:pre_es30l:18_d1_r8,[3789],[1]
750,ES:pre_es30l:19_d2_r8,[3752],[1]
751,ES:pre_es30l:20_d1_r8,[3894],[1]
752,ES:pre_es30l:21_d1_r6,[3751],[1]
753,ES:pre_es30l:22_d2_r6,[3975],[1]
754,ES:pre_es30l:23_d1_r6,[3780],[1]
755,ES:pre_es30l:24_d1_r5,"[3672, 3748]","[2, 1]"
756,ES:pre_es30l:25_d2_r5,[3877],[1]
757,ES:pre_es30l:26_d1_r5,[3920],[1]
758,ES:pre_es30l:27_d2_r4,[3652],[1]
759,ES:pre_es30l:28_d2_r3,[3787],[1]
760,ES:pre_es30l:29_d1_r3,[3939],[1]
761,ES:pre_es30l:30_d1_r2,"[3705, 3839]","[1, 1]"
762,ES:pre_es30l:31_d1_r2,"[3780, 3903]","[1, 2]"
763,ES:pre_es30l:32_d2_r2,[3869],[1]
764,ES:pre_es30l:33_d1_r1,[3668],[1]
765,ES:pre_es30l:34_d1_r1,"[3652, 3939]","[1, 1]"
766,ES:pre_es30l:35_d1_r1,[3648],[1]
767,ES:pre_es30l:36_d1_r1,"[3879, 3903]","[1, 2]"
768,ES:pre_es30l:37_d1_r1,[3742],[1]
769,ES:es30l:0_d267_r9692,[],[]
770,ES:es30l:1_d7_r747,[3990],[1]
771,ES:es30l:2_d2_r296,[4022],[1]
772,ES:es30l:3_d6_r187,[4014],[1]
773,ES:es30l:4_d10_r143,[3990],[2]
774,ES:es30l:5_d2_r136,[4002],[1]
775,ES:es30l:6_d1_r126,[4010],[1]
776,ES:es30l:7_d12_r78,[3981],[2]
777,ES:es30l:8_d6_r70,[4002],[2]
778,ES:es30l:9_d1_r64,[4040],[1]
779,ES:es30l:10_d3_r61,[4017],[2]
780,ES:es30l:11_d7_r46,[4034],[1]
781,ES:es30l:12_d1_r36,[3986],[1]
782,ES:es30l:13_d5_r32,[4010],[2]
783,ES:es30l:14_d4_r28,[4022],[2]
784,ES:es30l:15_d1_r25,"[3990, 4002]","[1, 1]"
785,ES:es30l:16_d1_r24,[4032],[1]
786,ES:es30l:17_d2_r22,[4040],[2]
787,ES:es30l:18_d2_r20,"[4010, 4022]","[1, 1]"
788,ES:es30l:19_d1_r18,[4027],[1]
789,ES:es30l:20_d1_r8,"[3990, 4040]","[1, 1]"
790,ES:es30l:21_d1_r7,[4032],[2]
791,ES:es30l:22_d1_r7,"[3990, 4014]","[2, 1]"
792,ES:es30l:23_d1_r6,"[4027, 4028, 4029, 4030, 4031, 4032, 4033, 4034, 4035, 4036, 4037, 4038, 4039, 4040, 4041, 4042]","[2, 1, 1, 1, 1, 1, 1, 1, 1, 1, 1, 1, 1, 2, 1, 1]"
793,ES:es30l:24_d2_r6,"[3981, 4022]","[2, 1]"
794,ES:es30l:25_d1_r5,"[3981, 4002]","[1, 1]"
795,ES:es30l:26_d1_r3,"[3981, 4017]","[2, 2]"
796,ES:es30l:27_d1_r3,"[3990, 4010]","[2, 2]"
797,ES:es30l:28_d1_r2,"[4002, 4022]","[1, 2]"
798,ES:es30l:29_d1_r2,"[3990, 4010]","[1, 2]"
799,ES:es30l:30_d1_r2,"[3981, 4002]","[2, 1]"
800,ES:es30l:31_d1_r2,"[3990, 4014, 4022]","[1, 1, 1]"
801,ES:es30l:32_d2_r2,"[3990, 4022]","[1, 2]"
802,ES:es30l:33_d1_r1,"[3990, 4002]","[2, 2]"
803,ES:es30l:34_d1_r1,"[3981, 4002]","[2, 2]"
804,ES:es30l:35_d1_r1,"[3981, 4017]","[2, 1]"
805,ES:es30l:36_d1_r1,"[4002, 4010]","[1, 2]"
806,ES:pre_es2s:0_d680_r25575,[],[]
807,ES:pre_es2s:1_d3_r81,[73],[3]
808,ES:pre_es2s:2_d2_r73,[121],[2]
809,ES:pre_es2s:3_d14_r57,[118],[1]
810,ES:pre_es2s:4_d7_r48,[73],[1]
811,ES:pre_es2s:5_d2_r44,[82],[2]
812,ES:pre_es2s:6_d3_r42,[71],[1]
813,ES:pre_es2s:7_d4_r28,[101],[1]
814,ES:pre_es2s:8_d2_r26,[69],[1]
815,ES:pre_es2s:9_d3_r22,[93],[1]
816,ES:pre_es2s:10_d1_r21,[112],[1]
817,ES:pre_es2s:11_d1_r20,[121],[1]
818,ES:pre_es2s:12_d2_r20,[118],[2]
819,ES:pre_es2s:13_d2_r11,[108],[1]
820,ES:pre_es2s:14_d2_r8,[82],[1]
821,ES:pre_es2s:15_d2_r7,[99],[1]
822,ES:pre_es2s:16_d2_r2,"[72, 73]","[1, 2]"
823,ES:pre_es2s:17_d1_r1,"[73, 93]","[1, 1]"
824,ES:es5l:0_d323_r10412,[],[]
825,ES:es5l:1_d8_r367,[136],[1]
826,ES:es5l:2_d4_r204,[143],[1]
827,ES:es5l:3_d2_r104,[127],[1]
828,ES:es5l:4_d7_r86,[122],[1]
829,ES:es5l:5_d4_r78,[127],[2]
830,ES:es5l:6_d9_r55,[122],[2]
831,ES:es5l:7_d3_r36,[136],[2]
832,ES:es5l:8_d1_r36,[143],[2]
833,ES:es5l:9_d1_r13,"[136, 143]","[1, 1]"
834,ES:es5l:10_d1_r13,[152],[1]
835,ES:es5l:11_d2_r12,[159],[1]
836,ES:es5l:12_d1_r1,"[122, 152]","[2, 1]"
837,ES:es10l:0_d336_r12774,[],[]
838,ES:es10l:1_d6_r288,[1710],[1]
839,ES:es10l:2_d19_r189,[1710],[2]
840,ES:es10l:3_d5_r175,[1724],[1]
841,ES:es10l:4_d1_r52,[1701],[1]
842,ES:es10l:5_d1_r45,[1724],[2]
843,ES:es10l:6_d1_r6,"[1701, 1710]","[1, 2]"
844,ES:pre_es27l:0_d312_r11054,[],[]
845,ES:pre_es27l:1_d1_r77,[2774],[1]
846,ES:pre_es27l:2_d2_r63,[2844],[1]
847,ES:pre_es27l:3_d13_r47,[2874],[1]
848,ES:pre_es27l:4_d4_r44,[2820],[1]
849,ES:pre_es27l:5_d1_r38,[2782],[1]
850,ES:pre_es27l:6_d2_r31,[2777],[1]
851,ES:pre_es27l:7_d2_r30,[2804],[1]
852,ES:pre_es27l:8_d1_r26,[2815],[1]
853,ES:pre_es27l:9_d3_r19,[2828],[1]
854,ES:pre_es27l:10_d3_r19,[2852],[1]
855,ES:pre_es27l:11_d1_r15,[2860],[1]
856,ES:pre_es27l:12_d3_r13,[2858],[1]
857,ES:pre_es27l:13_d2_r12,[2789],[1]
858,ES:pre_es27l:14_d1_r7,[2864],[1]
859,ES:pre_es27l:15_d2_r4,[2839],[1]
860,ES:pre_es27l:16_d1_r1,"[2774, 2858]","[1, 1]"
861,ES:es9s:0_d643_r50707,[],[]
862,ES:es9s:1_d8_r1151,[1432],[1]
863,ES:es9s:2_d5_r545,[1414],[1]
864,ES:es9s:3_d28_r389,[1432],[2]
865,ES:es9s:4_d25_r389,[1414],[2]
866,ES:es9s:5_d2_r152,[1427],[1]
867,ES:es9s:6_d14_r115,[1448],[1]
868,ES:es9s:7_d1_r85,"[1414, 1432]","[1, 1]"
869,ES:es9s:8_d3_r65,[1423],[1]
870,ES:es9s:9_d2_r25,"[1414, 1432]","[2, 2]"
871,ES:es9s:10_d1_r24,"[1414, 1432]","[2, 1]"
872,ES:es9s:11_d2_r23,[1406],[1]
873,ES:es9s:12_d1_r20,[1427],[2]
874,ES:es9s:13_d2_r13,[1439],[1]
875,ES:es9s:14_d1_r11,"[1414, 1432]","[1, 2]"
876,ES:es9s:15_d1_r9,"[1432, 1448]","[2, 1]"
877,ES:es9s:16_d1_r8,[1409],[1]
878,ES:es9s:17_d1_r5,"[1432, 1448]","[1, 1]"
879,ES:es9s:18_d1_r3,"[1409, 1432]","[1, 1]"
880,ES:es9s:19_d1_r1,"[1406, 1414]","[1, 2]"
881,ES:es9s:20_d1_r1,"[1427, 1448]","[2, 1]"
882,ES:pre_es10l:0_d290_r10254,[],[]
883,ES:pre_es10l:1_d1_r63,[1547],[1]
884,ES:pre_es10l:2_d2_r43,[1623],[1]
885,ES:pre_es10l:3_d1_r38,[1632],[1]
886,ES:pre_es10l:4_d2_r34,[1616],[1]
887,ES:pre_es10l:5_d6_r31,[1673],[1]
888,ES:pre_es10l:6_d2_r30,[1542],[1]
889,ES:pre_es10l:7_d3_r29,[1616],[2]
890,ES:pre_es10l:8_d2_r28,[1539],[1]
891,ES:pre_es10l:9_d1_r23,[1578],[1]
892,ES:pre_es10l:10_d2_r17,[1542],[2]
893,ES:pre_es10l:11_d1_r17,[1518],[1]
894,ES:pre_es10l:12_d5_r16,[1555],[1]
895,ES:pre_es10l:13_d3_r16,[1522],[1]
896,ES:pre_es10l:14_d1_r15,[1547],[2]
897,ES:pre_es10l:15_d1_r12,[1656],[1]
898,ES:pre_es10l:16_d1_r10,[1562],[1]
899,ES:pre_es10l:17_d2_r10,[1636],[1]
900,ES:pre_es10l:18_d1_r9,[1641],[1]
901,ES:pre_es10l:19_d2_r7,[1588],[2]
902,ES:pre_es10l:20_d1_r4,[1585],[1]
903,ES:es27l:0_d4_r327,[3513],[1]
904,ES:es27l:1_d5_r238,"[3162, 3391, 3392, 3393, 3490, 3512]","[1, 1, 1, 1, 1, 1]"
905,ES:es27l:2_d11_r212,"[3158, 3328, 3513]","[1, 1, 1]"
906,ES:es27l:3_d12_r143,"[3039, 3049, 3391, 3392, 3393, 3490, 3512]","[1, 1, 1, 1, 1, 1, 1]"
907,ES:es27l:4_d5_r140,"[3329, 3492, 3493, 3494, 3512]","[1, 1, 1, 1, 1]"
908,ES:es27l:5_d3_r111,"[3329, 3513]","[1, 1]"
909,ES:es27l:6_d1_r109,"[3039, 3337, 3513]","[1, 2, 1]"
910,ES:es27l:7_d1_r94,"[3492, 3493, 3494, 3512]","[1, 1, 1, 1]"
911,ES:es27l:8_d5_r76,"[3039, 3513]","[1, 1]"
912,ES:es27l:9_d3_r74,"[3158, 3335, 3336, 3337, 3492, 3493, 3494, 3495, 3496, 3497]","[1, 1, 1, 1, 1, 1, 1, 1, 1, 1]"
913,ES:es27l:10_d3_r52,"[3158, 3328, 3513]","[1, 2, 1]"
914,ES:es27l:11_d2_r50,"[3158, 3336, 3337, 3492, 3493, 3494, 3495, 3496, 3497]","[1, 1, 1, 1, 1, 1, 1, 1, 1]"
915,ES:es27l:12_d2_r47,"[3039, 3337, 3513]","[1, 1, 1]"
916,ES:es27l:13_d3_r34,"[3049, 3125, 3348, 3513]","[1, 1, 1, 1]"
917,ES:es27l:14_d1_r32,"[3329, 3492, 3493, 3494, 3512]","[2, 1, 1, 1, 1]"
918,ES:es27l:15_d1_r24,"[2964, 3513]","[1, 1]"
919,ES:es27l:16_d1_r22,"[3039, 3329, 3513]","[1, 1, 1]"
920,ES:es27l:17_d4_r11,"[3039, 3049, 3329, 3391, 3392, 3393, 3490, 3512]","[1, 1, 1, 1, 1, 1, 1, 1]"
921,ES:es27l:18_d1_r9,"[3158, 3328, 3512]","[1, 1, 1]"
922,ES:es27l:19_d1_r8,"[3039, 3049, 3050, 3329, 3513]","[1, 2, 1, 1, 1]"
923,ES:es27l:20_d1_r6,"[3039, 3049, 3391, 3392, 3393, 3490, 3492, 3493, 3494, 3512]","[1, 1, 1, 1, 1, 1, 1, 1, 1, 1]"
924,ES:es27l:21_d1_r5,"[3039, 3391, 3392, 3393, 3490, 3512]","[1, 1, 1, 1, 1, 1]"
925,ES:es27l:22_d1_r4,"[3039, 3049, 3120, 3329, 3391, 3392, 3393, 3490, 3512]","[1, 1, 1, 1, 1, 1, 1, 1, 1]"
926,ES:es27l:23_d2_r4,"[3039, 3125, 3513]","[1, 1, 1]"
927,ES:es27l:24_d1_r3,"[3039, 3049, 3216, 3391, 3392, 3393, 3490, 3512]","[1, 1, 1, 1, 1, 1, 1, 1]"
928,ES:es27l:25_d1_r2,"[3158, 3328, 3473, 3513]","[1, 1, 2, 1]"
929,ES:es27l:26_d1_r2,"[3049, 3125, 3329, 3348, 3512]","[1, 1, 1, 1, 1]"
930,ES:es27l:27_d1_r2,"[2964, 3049, 3125, 3348, 3512]","[1, 1, 1, 1, 1]"
931,ES:es27l:28_d1_r2,"[3329, 3513]","[3, 1]"
932,ES:es27l:29_d1_r1,"[2964, 3162, 3216, 3391, 3392, 3393, 3490, 3512]","[1, 1, 1, 1, 1, 1, 1, 1]"
933,ES:es27l:30_d1_r1,"[2964, 3039, 3391, 3392, 3393, 3490, 3512]","[1, 1, 1, 1, 1, 1, 1]"
934,ES:es27l:31_d1_r1,"[2964, 3039, 3337, 3513]","[1, 1, 1, 1]"
935,ES:es27l:32_d1_r1,"[2964, 3039, 3329, 3513]","[1, 1, 1, 1]"
936,ES:es27l:33_d1_r1,"[3108, 3513]","[2, 1]"
937,ES:es27l:34_d2_r1,"[3329, 3513]","[1, 2]"
938,ES:es27l:35_d1_r1,"[3158, 3216, 3328, 3513]","[1, 2, 2, 1]"
939,ES:es27l:36_d1_r1,"[3039, 3125, 3329, 3512, 3555]","[1, 1, 1, 1, 1]"
940,ES:es27l:37_d1_r1,"[3039, 3049, 3093, 3391, 3392, 3393, 3490, 3512]","[1, 1, 2, 1, 1, 1, 1, 1]"
941,ES:es27l:38_d1_r1,"[3039, 3049, 3108, 3391, 3392, 3393, 3490, 3512]","[1, 1, 1, 1, 1, 1, 1, 1]"
942,ES:pre_es20l:0_d346_r12919,[],[]
943,ES:pre_es20l:1_d18_r176,[2529],[1]
944,ES:pre_es20l:2_d5_r80,[2537],[1]
945,ES:pre_es20l:3_d1_r50,[2519],[1]
946,ES:pre_es20l:4_d2_r44,[2512],[1]
947,ES:pre_es20l:5_d2_r37,[2539],[1]
948,ES:pre_es20l:6_d2_r33,[2509],[1]
949,ES:es10s:0_d746_r57135,[],[]
950,ES:es10s:1_d2_r292,[1556],[1]
951,ES:es10s:2_d4_r137,[1552],[1]
952,ES:es10s:3_d2_r87,[1556],[2]
953,ES:es10s:4_d2_r66,[1552],[2]
954,ES:es10s:5_d2_r49,[1550],[1]
955,ES:pre_es45l:0_d353_r11373,[],[]
956,ES:pre_es45l:1_d2_r144,[230],[1]
957,ES:pre_es45l:2_d2_r90,[239],[1]
958,ES:pre_es45l:3_d4_r61,[235],[1]
959,ES:pre_es45l:4_d4_r42,[237],[1]
960,ES:pre_es45l:5_d3_r24,[239],[2]
961,ES:pre_es45l:6_d2_r11,[228],[1]
962,ES:pre_es14s:0_d678_r54460,[],[]
963,ES:pre_es14s:1_d30_r378,[1139],[1]
964,ES:pre_es14s:2_d2_r277,[1139],[2]
965,ES:pre_es14s:3_d12_r259,[1128],[1]
966,ES:pre_es14s:4_d13_r163,[1137],[1]
967,ES:pre_es14s:5_d4_r108,[1126],[1]
968,ES:pre_es14s:6_d4_r98,[1147],[1]
969,ES:pre_es14s:7_d4_r79,[1142],[1]
970,ES:pre_es14s:8_d4_r58,[1145],[1]
971,ES:pre_es14s:9_d1_r5,"[1128, 1137]","[1, 1]"
972,ES:pre_es14s:10_d1_r5,"[1139, 1147]","[1, 1]"
973,ES:es26l:0_d333_r12239,[],[]
974,ES:es26l:1_d8_r470,[2748],[1]
975,ES:es26l:2_d27_r331,[2748],[2]
976,ES:es26l:3_d3_r241,[2756],[1]
977,ES:es26l:4_d7_r79,[2756],[2]
978,ES:pre_es6s:0_d475_r33189,[],[]
979,ES:pre_es6s:1_d6_r2707,[667],[1]
980,ES:pre_es6s:2_d2_r420,[517],[1]
981,ES:pre_es6s:3_d1_r227,[508],[1]
982,ES:pre_es6s:4_d1_r155,[409],[1]
983,ES:pre_es6s:5_d2_r111,[667],[2]
984,ES:pre_es6s:6_d13_r104,[503],[1]
985,ES:pre_es6s:7_d2_r56,[435],[1]
986,ES:pre_es6s:8_d3_r49,[489],[1]
987,ES:pre_es6s:9_d1_r48,[476],[1]
988,ES:pre_es6s:10_d3_r47,[547],[1]
989,ES:pre_es6s:11_d1_r46,[428],[1]
990,ES:pre_es6s:12_d5_r44,[518],[2]
991,ES:pre_es6s:13_d6_r41,[599],[1]
992,ES:pre_es6s:14_d8_r37,[495],[1]
993,ES:pre_es6s:15_d1_r37,[682],[1]
994,ES:pre_es6s:16_d9_r35,[409],[2]
995,ES:pre_es6s:17_d5_r35,[435],[2]
996,ES:pre_es6s:18_d2_r35,[500],[1]
997,ES:pre_es6s:19_d2_r34,[573],[1]
998,ES:pre_es6s:20_d1_r28,[418],[1]
999,ES:pre_es6s:21_d1_r26,[599],[2]
1000,ES:pre_es6s:22_d1_r23,[566],[2]
1001,ES:pre_es6s:23_d3_r23,[533],[1]
1002,ES:pre_es6s:24_d2_r20,[631],[1]
1003,ES:pre_es6s:25_d1_r20,[570],[1]
1004,ES:pre_es6s:26_d2_r19,[573],[2]
1005,ES:pre_es6s:27_d4_r19,[539],[1]
1006,ES:pre_es6s:28_d2_r18,[579],[1]
1007,ES:pre_es6s:29_d1_r18,[545],[2]
1008,ES:pre_es6s:30_d3_r17,[652],[1]
1009,ES:pre_es6s:31_d2_r16,[402],[1]
1010,ES:pre_es6s:32_d1_r15,[483],[2]
1011,ES:pre_es6s:33_d5_r15,[545],[1]
1012,ES:pre_es6s:34_d1_r14,[500],[2]
1013,ES:pre_es6s:35_d6_r14,[418],[2]
1014,ES:pre_es6s:36_d1_r13,[446],[2]
1015,ES:pre_es6s:37_d3_r12,[494],[1]
1016,ES:pre_es6s:38_d3_r12,[557],[1]
1017,ES:pre_es6s:39_d1_r12,[461],[1]
1018,ES:pre_es6s:40_d1_r11,[385],[1]
1019,ES:pre_es6s:41_d1_r10,[591],[1]
1020,ES:pre_es6s:42_d1_r10,[430],[1]
1021,ES:pre_es6s:43_d2_r10,[566],[1]
1022,ES:pre_es6s:44_d1_r8,"[503, 667]","[1, 1]"
1023,ES:pre_es6s:45_d2_r8,[489],[2]
1024,ES:pre_es6s:46_d1_r7,[596],[2]
1025,ES:pre_es6s:47_d2_r7,[596],[1]
1026,ES:pre_es6s:48_d1_r7,[665],[2]
1027,ES:pre_es6s:49_d2_r7,[650],[1]
1028,ES:pre_es6s:50_d1_r6,[533],[2]
1029,ES:pre_es6s:51_d1_r5,[577],[1]
1030,ES:pre_es6s:52_d1_r5,[469],[1]
1031,ES:pre_es6s:53_d1_r4,[413],[1]
1032,ES:pre_es6s:54_d1_r4,"[503, 518]","[1, 1]"
1033,ES:pre_es6s:55_d1_r4,[624],[2]
1034,ES:pre_es6s:56_d1_r4,[440],[1]
1035,ES:pre_es6s:57_d1_r3,"[547, 667]","[2, 1]"
1036,ES:pre_es6s:58_d1_r3,"[503, 518]","[1, 2]"
1037,ES:pre_es6s:59_d2_r3,[637],[1]
1038,ES:pre_es6s:60_d2_r3,[557],[2]
1039,ES:pre_es6s:61_d1_r3,[459],[1]
1040,ES:pre_es6s:62_d1_r2,"[518, 533]","[1, 1]"
1041,ES:pre_es6s:63_d1_r2,"[409, 435]","[1, 1]"
1042,ES:pre_es6s:64_d1_r2,"[428, 503]","[1, 1]"
1043,ES:pre_es6s:65_d1_r1,"[385, 503]","[1, 1]"
1044,ES:pre_es6s:66_d1_r1,"[489, 503]","[1, 1]"
1045,ES:pre_es6s:67_d1_r1,"[547, 652]","[1, 1]"
1046,ES:pre_es6s:68_d1_r1,[627],[1]
1047,ES:pre_es6s:69_d2_r1,[613],[1]
1048,ES:pre_es6s:70_d1_r1,"[428, 624]","[1, 1]"
1049,ES:pre_es6s:71_d1_r1,"[426, 518]","[1, 2]"
1050,ES:pre_es6s:72_d1_r1,"[409, 508]","[2, 1]"
1051,ES:pre_es6s:73_d1_r1,"[409, 547]","[1, 1]"
1052,ES:pre_es6s:74_d1_r1,"[435, 446]","[2, 1]"
1053,ES:pre_es15l:0_d308_r11073,[],[]
1054,ES:pre_es15l:1_d4_r119,[2062],[1]
1055,ES:pre_es15l:2_d6_r55,[2034],[1]
1056,ES:pre_es15l:3_d3_r37,[2065],[1]
1057,ES:pre_es15l:4_d1_r36,[2074],[1]
1058,ES:pre_es15l:5_d3_r27,[2071],[2]
1059,ES:pre_es15l:6_d1_r27,[2071],[1]
1060,ES:pre_es15l:7_d4_r26,[2039],[1]
1061,ES:pre_es15l:8_d2_r22,[2034],[2]
1062,ES:pre_es15l:9_d2_r19,[2054],[1]
1063,ES:pre_es15l:10_d3_r17,[1987],[1]
1064,ES:pre_es15l:11_d1_r13,[2082],[1]
1065,ES:pre_es15l:12_d3_r10,[1967],[2]
1066,ES:pre_es15l:13_d1_r10,[2028],[1]
1067,ES:pre_es15l:14_d2_r5,[2054],[2]
1068,ES:pre_es15l:15_d2_r5,[2021],[1]
1069,ES:pre_es15l:16_d1_r3,"[2039, 2062]","[1, 1]"
1070,ES:pre_es44l:0_d374_r12050,[],[]
1071,ES:pre_es44l:1_d2_r79,[193],[1]
1072,ES:pre_es44l:2_d4_r76,[200],[1]
1073,ES:pre_es44l:3_d2_r14,[212],[1]
1074,ES:es44l:0_d374_r12315,[],[]
1075,ES:es44l:1_d2_r125,[219],[1]
1076,ES:es44l:2_d5_r90,[214],[1]
1077,ES:es44l:3_d4_r76,[214],[2]
1078,ES:pre_es9s:0_d479_r40558,[],[]
1079,ES:pre_es9s:1_d12_r2224,[1163],[1]
1080,ES:pre_es9s:2_d33_r248,[1163],[2]
1081,ES:pre_es9s:3_d9_r160,[1270],[1]
1082,ES:pre_es9s:4_d7_r91,[1254],[1]
1083,ES:pre_es9s:5_d1_r77,[1319],[1]
1084,ES:pre_es9s:6_d2_r65,[1265],[1]
1085,ES:pre_es9s:7_d1_r58,[1270],[2]
1086,ES:pre_es9s:8_d1_r56,[1319],[2]
1087,ES:pre_es9s:9_d3_r41,[1315],[1]
1088,ES:pre_es9s:10_d1_r38,[1217],[1]
1089,ES:pre_es9s:11_d2_r36,[1333],[1]
1090,ES:pre_es9s:12_d5_r35,[1372],[1]
1091,ES:pre_es9s:13_d1_r33,[1241],[1]
1092,ES:pre_es9s:14_d5_r31,[1161],[1]
1093,ES:pre_es9s:15_d2_r27,[1257],[1]
1094,ES:pre_es9s:16_d3_r24,[1193],[1]
1095,ES:pre_es9s:17_d3_r24,[1392],[1]
1096,ES:pre_es9s:18_d1_r24,[1279],[1]
1097,ES:pre_es9s:19_d2_r23,[1196],[1]
1098,ES:pre_es9s:20_d2_r20,[1241],[2]
1099,ES:pre_es9s:21_d1_r20,[1214],[1]
1100,ES:pre_es9s:22_d2_r19,[1366],[2]
1101,ES:pre_es9s:23_d2_r18,[1187],[1]
1102,ES:pre_es9s:24_d1_r15,[1209],[1]
1103,ES:pre_es9s:25_d4_r15,[1350],[1]
1104,ES:pre_es9s:26_d2_r15,[1366],[1]
1105,ES:pre_es9s:27_d1_r15,[1180],[1]
1106,ES:pre_es9s:28_d2_r14,[1229],[1]
1107,ES:pre_es9s:29_d5_r14,[1323],[1]
1108,ES:pre_es9s:30_d1_r13,[1159],[1]
1109,ES:pre_es9s:31_d1_r13,[1341],[1]
1110,ES:pre_es9s:32_d2_r12,[1225],[1]
1111,ES:pre_es9s:33_d2_r11,[1174],[1]
1112,ES:pre_es9s:34_d1_r10,[1234],[1]
1113,ES:pre_es9s:35_d2_r9,[1335],[1]
1114,ES:pre_es9s:36_d2_r8,[1392],[2]
1115,ES:pre_es9s:37_d1_r7,[1345],[1]
1116,ES:pre_es9s:38_d2_r7,[1326],[1]
1117,ES:pre_es9s:39_d1_r7,[1368],[1]
1118,ES:pre_es9s:40_d2_r6,"[1163, 1254]","[2, 1]"
1119,ES:pre_es9s:41_d1_r4,[1279],[2]
1120,ES:pre_es9s:42_d1_r4,"[1163, 1315]","[2, 1]"
1121,ES:pre_es9s:43_d2_r4,[1347],[1]
1122,ES:pre_es9s:44_d1_r3,"[1163, 1305]","[1, 1]"
1123,ES:pre_es9s:45_d1_r2,"[1163, 1205]","[1, 1]"
1124,ES:pre_es9s:46_d1_r2,"[1265, 1392]","[1, 1]"
1125,ES:pre_es9s:47_d2_r2,"[1163, 1335]","[1, 1]"
1126,ES:pre_es9s:48_d1_r2,"[1254, 1270]","[1, 1]"
1127,ES:pre_es9s:49_d1_r1,"[1161, 1270]","[1, 1]"
1128,ES:pre_es9s:50_d1_r1,"[1163, 1174]","[1, 1]"
1129,ES:pre_es9s:51_d1_r1,"[1163, 1319]","[2, 2]"
1130,ES:pre_es9s:52_d1_r1,"[1163, 1279]","[2, 2]"
1131,ES:pre_es9s:53_d1_r1,"[1163, 1265]","[2, 1]"
1132,ES:pre_es9s:54_d1_r1,"[1254, 1265]","[1, 1]"
1133,ES:pre_es9s:55_d1_r1,"[1257, 1368]","[2, 1]"
1134,ES:pre_es9s:56_d2_r1,[1381],[1]
1135,ES:pre_es9s:57_d1_r1,"[1265, 1315]","[1, 1]"
1136,ES:pre_es9s:58_d1_r1,"[1265, 1372]","[1, 1]"
1137,ES:pre_es9s:59_d1_r1,"[1205, 1254]","[1, 1]"
1138,ES:pre_es39l:0_d183_r6695,[],[]
1139,ES:pre_es39l:1_d2_r186,[4441],[1]
1140,ES:pre_es39l:2_d1_r164,[4334],[1]
1141,ES:pre_es39l:3_d2_r41,[4267],[1]
1142,ES:pre_es39l:4_d1_r27,[4510],[1]
1143,ES:pre_es39l:5_d1_r25,[4533],[1]
1144,ES:pre_es39l:6_d2_r23,[4361],[1]
1145,ES:pre_es39l:7_d1_r23,[4285],[1]
1146,ES:pre_es39l:8_d2_r23,[4441],[2]
1147,ES:pre_es39l:9_d6_r18,[4664],[1]
1148,ES:pre_es39l:10_d1_r14,[4251],[1]
1149,ES:pre_es39l:11_d3_r14,[4364],[1]
1150,ES:pre_es39l:12_d4_r13,[4520],[1]
1151,ES:pre_es39l:13_d1_r13,[4236],[1]
1152,ES:pre_es39l:14_d2_r12,[4684],[1]
1153,ES:pre_es39l:15_d2_r10,[4357],[1]
1154,ES:pre_es39l:16_d1_r10,[4716],[1]
1155,ES:pre_es39l:17_d1_r10,[4720],[1]
1156,ES:pre_es39l:18_d1_r9,[4384],[1]
1157,ES:pre_es39l:19_d1_r9,[4334],[2]
1158,ES:pre_es39l:20_d1_r9,[4305],[1]
1159,ES:pre_es39l:21_d1_r9,[4716],[2]
1160,ES:pre_es39l:22_d2_r8,[4201],[2]
1161,ES:pre_es39l:23_d1_r7,[4701],[1]
1162,ES:pre_es39l:24_d2_r7,[4510],[2]
1163,ES:pre_es39l:25_d1_r6,[4542],[1]
1164,ES:pre_es39l:26_d1_r6,[4212],[1]
1165,ES:pre_es39l:27_d1_r6,[4255],[1]
1166,ES:pre_es39l:28_d1_r6,[4418],[1]
1167,ES:pre_es39l:29_d3_r5,[4188],[2]
1168,ES:pre_es39l:30_d1_r5,[4566],[2]
1169,ES:pre_es39l:31_d1_r5,[4551],[1]
1170,ES:pre_es39l:32_d1_r4,[4376],[1]
1171,ES:pre_es39l:33_d1_r4,[4520],[2]
1172,ES:pre_es39l:34_d2_r4,[4676],[1]
1173,ES:pre_es39l:35_d1_r4,[4225],[1]
1174,ES:pre_es39l:36_d1_r4,[4616],[1]
1175,ES:pre_es39l:37_d1_r3,[4618],[1]
1176,ES:pre_es39l:38_d2_r3,[4511],[1]
1177,ES:pre_es39l:39_d1_r2,[4614],[1]
1178,ES:pre_es39l:40_d1_r2,[4329],[1]
1179,ES:pre_es39l:41_d1_r2,[4241],[1]
1180,ES:pre_es39l:42_d1_r2,[4582],[1]
1181,ES:pre_es39l:43_d2_r2,[4467],[1]
1182,ES:pre_es39l:44_d1_r1,"[4510, 4520]","[2, 1]"
1183,ES:pre_es39l:45_d1_r1,"[4267, 4418]","[1, 1]"
1184,ES:pre_es12s:0_d504_r43629,[],[]
1185,ES:pre_es12s:1_d1_r304,[1574],[1]
1186,ES:pre_es12s:2_d3_r238,[1561],[1]
1187,ES:pre_es12s:3_d27_r191,[1643],[1]
1188,ES:pre_es12s:4_d1_r181,[1625],[1]
1189,ES:pre_es12s:5_d15_r153,[1625],[2]
1190,ES:pre_es12s:6_d2_r144,[1655],[1]
1191,ES:pre_es12s:7_d1_r138,[1681],[1]
1192,ES:pre_es12s:8_d2_r133,[1558],[1]
1193,ES:pre_es12s:9_d1_r128,[1584],[1]
1194,ES:pre_es12s:10_d8_r111,[1602],[2]
1195,ES:pre_es12s:11_d1_r109,[1602],[1]
1196,ES:pre_es12s:12_d2_r101,[1589],[1]
1197,ES:pre_es12s:13_d14_r89,[1609],[1]
1198,ES:pre_es12s:14_d2_r84,[1727],[1]
1199,ES:pre_es12s:15_d3_r79,[1580],[1]
1200,ES:pre_es12s:16_d3_r78,[1587],[1]
1201,ES:pre_es12s:17_d3_r74,[1702],[1]
1202,ES:pre_es12s:18_d1_r73,[1737],[1]
1203,ES:pre_es12s:19_d2_r73,[1589],[2]
1204,ES:pre_es12s:20_d6_r61,[1737],[2]
1205,ES:pre_es12s:21_d3_r51,[1563],[1]
1206,ES:pre_es12s:22_d1_r47,[1637],[1]
1207,ES:pre_es12s:23_d5_r41,[1686],[2]
1208,ES:pre_es12s:24_d2_r40,[1735],[1]
1209,ES:pre_es12s:25_d1_r37,[1578],[1]
1210,ES:pre_es12s:26_d1_r37,[1655],[2]
1211,ES:pre_es12s:27_d3_r37,[1702],[2]
1212,ES:pre_es12s:28_d2_r36,[1574],[2]
1213,ES:pre_es12s:29_d1_r28,[1681],[2]
1214,ES:pre_es12s:30_d1_r24,[1742],[1]
1215,ES:pre_es12s:31_d1_r22,[1637],[2]
1216,ES:pre_es12s:32_d3_r16,[1725],[1]
1217,ES:pre_es12s:33_d1_r15,[1569],[1]
1218,ES:pre_es12s:34_d1_r14,[1699],[1]
1219,ES:pre_es12s:35_d1_r13,[1715],[1]
1220,ES:pre_es12s:36_d1_r13,[1721],[1]
1221,ES:pre_es12s:37_d1_r12,[1587],[2]
1222,ES:pre_es12s:38_d1_r7,"[1580, 1643]","[1, 1]"
1223,ES:pre_es12s:39_d2_r6,"[1602, 1625]","[2, 2]"
1224,ES:pre_es12s:40_d1_r4,"[1580, 1625]","[1, 2]"
1225,ES:pre_es12s:41_d2_r4,"[1643, 1737]","[1, 2]"
1226,ES:pre_es12s:42_d1_r4,"[1625, 1737]","[2, 1]"
1227,ES:pre_es12s:43_d1_r3,[1733],[1]
1228,ES:pre_es12s:44_d1_r3,[1662],[1]
1229,ES:pre_es12s:45_d1_r2,"[1609, 1702]","[1, 2]"
1230,ES:pre_es12s:46_d1_r2,"[1584, 1625]","[1, 2]"
1231,ES:pre_es12s:47_d1_r2,"[1643, 1655]","[1, 1]"
1232,ES:pre_es12s:48_d1_r2,"[1589, 1727]","[2, 1]"
1233,ES:pre_es12s:49_d1_r2,"[1643, 1689]","[1, 1]"
1234,ES:pre_es12s:50_d1_r2,"[1625, 1737]","[1, 1]"
1235,ES:pre_es12s:51_d1_r2,"[1637, 1681]","[2, 2]"
1236,ES:pre_es12s:52_d1_r1,"[1574, 1686]","[1, 2]"
1237,ES:pre_es12s:53_d1_r1,"[1574, 1580]","[1, 2]"
1238,ES:pre_es12s:54_d1_r1,"[1574, 1742]","[1, 1]"
1239,ES:pre_es12s:55_d1_r1,"[1563, 1574]","[1, 1]"
1240,ES:pre_es12s:56_d1_r1,"[1563, 1602]","[1, 2]"
1241,ES:pre_es12s:57_d1_r1,"[1563, 1655]","[1, 1]"
1242,ES:pre_es12s:58_d1_r1,"[1625, 1637]","[2, 2]"
1243,ES:pre_es12s:59_d1_r1,"[1625, 1702]","[2, 1]"
1244,ES:pre_es12s:60_d3_r1,[1618],[1]
1245,ES:pre_es12s:61_d1_r1,[1712],[1]
1246,ES:pre_es12s:62_d1_r1,"[1643, 1742]","[1, 1]"
1247,ES:pre_es12s:63_d1_r1,"[1589, 1625]","[2, 2]"
1248,ES:pre_es12s:64_d1_r1,"[1589, 1602]","[2, 2]"
1249,ES:pre_es12s:65_d1_r1,"[1589, 1742]","[1, 1]"
1250,ES:pre_es12s:66_d1_r1,"[1589, 1625]","[1, 1]"
1251,ES:pre_es12s:67_d1_r1,"[1609, 1655, 1681]","[1, 2, 2]"
1252,ES:pre_es7l:0_d287_r9014,[],[]
1253,ES:pre_es7l:1_d13_r159,[273],[1]
1254,ES:pre_es7l:2_d2_r121,[309],[1]
1255,ES:pre_es7l:3_d1_r84,[436],[1]
1256,ES:pre_es7l:4_d2_r73,[429],[1]
1257,ES:pre_es7l:5_d1_r55,[417],[1]
1258,ES:pre_es7l:6_d2_r52,[313],[1]
1259,ES:pre_es7l:7_d5_r43,[291],[1]
1260,ES:pre_es7l:8_d3_r39,[372],[1]
1261,ES:pre_es7l:9_d2_r37,[372],[2]
1262,ES:pre_es7l:10_d2_r30,[301],[1]
1263,ES:pre_es7l:11_d2_r25,[382],[1]
1264,ES:pre_es7l:12_d2_r20,[347],[1]
1265,ES:pre_es7l:13_d1_r15,[309],[2]
1266,ES:pre_es7l:14_d1_r15,[340],[1]
1267,ES:pre_es7l:15_d1_r12,[338],[1]
1268,ES:pre_es7l:16_d1_r9,[436],[2]
1269,ES:pre_es7l:17_d1_r9,[379],[1]
1270,ES:pre_es7l:18_d1_r8,[349],[1]
1271,ES:pre_es7l:19_d1_r6,[432],[1]
1272,ES:pre_es7l:20_d1_r5,[333],[1]
1273,ES:pre_es7l:21_d1_r5,[410],[1]
1274,ES:pre_es7l:22_d1_r3,"[273, 382]","[1, 1]"
1275,ES:pre_es7l:23_d1_r2,"[372, 429]","[2, 1]"
1276,ES:pre_es7l:24_d1_r1,"[382, 429]","[1, 1]"
1277,ES:pre_es7l:25_d1_r1,[361],[1]
1278,ES:pre_es7l:26_d1_r1,"[291, 382]","[1, 1]"
1279,ES:es13l:0_d361_r13615,[],[]
1280,ES:es13l:1_d13_r178,[1934],[1]
1281,ES:es13l:2_d3_r141,[1934],[2]
1282,ES:es13l:3_d6_r73,[1940],[1]
